{"chunk_definitions":[{"chunk_id":"csetup_chunk","chunk_label":"Setup Project","document_id":"9E556E9C","expansion_state":0,"options":{"engine":"r","label":"Setup Project","message":false,"warning":false},"row":30,"row_count":1,"visible":true},{"chunk_id":"chtai0q6zzcon","chunk_label":"Load Project","document_id":"9E556E9C","expansion_state":0,"options":{"engine":"r","include":false,"label":"Load Project","message":false,"warning":false},"row":39,"row_count":1,"visible":true}],"doc_write_time":1483546720}