{"chunk_definitions":[{"chunk_id":"c5basupytww75","chunk_label":"Setup Project","document_id":"5F8F667D","expansion_state":0,"options":{"engine":"r","include":false,"label":"Setup Project","message":false,"warning":false},"row":31,"row_count":1,"visible":true},{"chunk_id":"cmghaebyb78lm","chunk_label":"Load Project","document_id":"5F8F667D","expansion_state":0,"options":{"engine":"r","include":false,"label":"Load Project","message":false,"warning":false},"row":41,"row_count":1,"visible":true}],"doc_write_time":1484401781}