{"chunk_definitions":[{"chunk_id":"c1nw92cj8n7wy","chunk_label":"Change in Pixels","document_id":"EC917D4B","expansion_state":0,"options":{"echo":false,"engine":"r","fig.height":2,"fig.width":3,"label":"Change in Pixels","message":false,"warning":false},"row":25,"row_count":1,"visible":true},{"chunk_id":"c805bym40f215","chunk_label":"Clean Chapter 3","document_id":"AE3EEE66","expansion_state":0,"options":{"engine":"r","include":false,"label":"Clean Chapter 3","message":false,"warning":false},"row":32,"row_count":1,"visible":true}],"chunk_rendered_width":700,"doc_write_time":1484378690}