"0","camera.df3 <- camera.df"
"0","camera.df3.agg <- aggregate(camera.df3[,c(3,5,6) ], list(camera.df3$rel.date), mean)"
"0","colnames(camera.df3.agg)[1] <- ""Year"""
"0","p <- ggplot(camera.df3.agg, aes(x=Year, y=eff.pixels,group = 1)) + "
"0","  geom_line(color=""blue"")+"
"0","  geom_point() + "
"0","  labs(title = ""Change in Effective Pixels over Years"")+"
"0","  xlab(""Year"")+"
"0","  ylab(""Effective Pixels"")+"
"0","  theme(axis.text=element_text(size = 4),"
"0","        plot.title=element_text(size = rel(0.8)),"
"0","        axis.title.x = element_text(size = rel(0.7)),"
"0","        axis.title.y = element_text(size = rel(0.7)))"
"0","p"
